<?xml version="1.0" encoding="UTF-8"?>
<!DOCTYPE nmaprun>
<?xml-stylesheet href="file:///C:/Program Files (x86)/Nmap/nmap.xsl" type="text/xsl"?>
<!-- Nmap 7.80 scan initiated Wed May 06 23:11:48 2020 as: nmap -p80 -&#45;script http-xssed.nse -sS -sV -oX KamerG&#xf6;zecarpan.xml baklavacimehmetyildirim.com yemek.com -->
<nmaprun scanner="nmap" args="nmap -p80 -&#45;script http-xssed.nse -sS -sV -oX KamerG&#xf6;zecarpan.xml baklavacimehmetyildirim.com yemek.com" start="1588795908" startstr="Wed May 06 23:11:48 2020" version="7.80" xmloutputversion="1.04">
<scaninfo type="syn" protocol="tcp" numservices="1" services="80"/>
<verbose level="0"/>
<debugging level="0"/>
<host starttime="1588795911" endtime="1588795955"><status state="up" reason="echo-reply" reason_ttl="245"/>
<address addr="185.122.13.143" addrtype="ipv4"/>
<hostnames>
<hostname name="baklavacimehmetyildirim.com" type="user"/>
</hostnames>
<ports><port protocol="tcp" portid="80"><state state="open" reason="syn-ack" reason_ttl="245"/><service name="http" product="nginx" extrainfo="reverse proxy" method="probed" conf="10"><cpe>cpe:/a:igor_sysoev:nginx</cpe></service><script id="http-xssed" output="No previously reported XSS vuln."/></port>
</ports>
<times srtt="10000" rttvar="7500" to="100000"/>
</host>
<host starttime="1588795911" endtime="1588795955"><status state="up" reason="echo-reply" reason_ttl="57"/>
<address addr="104.17.250.35" addrtype="ipv4"/>
<hostnames>
<hostname name="yemek.com" type="user"/>
</hostnames>
<ports><port protocol="tcp" portid="80"><state state="open" reason="syn-ack" reason_ttl="57"/><service name="http" product="cloudflare" servicefp="SF-Port80-TCP:V=7.80%I=7%D=5/6%Time=5EB31A18%P=i686-pc-windows-windows%r(GetRequest,180,&quot;HTTP/1\.1\x20400\x20Bad\x20Request\r\nDate:\x20Wed,\x2006\x20May\x202020\x2020:12:04\x20GMT\r\nContent-Type:\x20text/html\r\nContent-Length:\x20155\r\nConnection:\x20close\r\nServer:\x20cloudflare\r\nCF-RAY:\x2058f55aa11a0be176-IST\r\ncf-request-id:\x20028d36f8b10000e176de982200000001\r\n\r\n&lt;html&gt;\r\n&lt;head&gt;&lt;title&gt;400\x20Bad\x20Request&lt;/title&gt;&lt;/head&gt;\r\n&lt;body&gt;\r\n&lt;center&gt;&lt;h1&gt;400\x20Bad\x20Request&lt;/h1&gt;&lt;/center&gt;\r\n&lt;hr&gt;&lt;center&gt;cloudflare&lt;/center&gt;\r\n&lt;/body&gt;\r\n&lt;/html&gt;\r\n&quot;)%r(HTTPOptions,180,&quot;HTTP/1\.1\x20400\x20Bad\x20Request\r\nDate:\x20Wed,\x2006\x20May\x202020\x2020:12:04\x20GMT\r\nContent-Type:\x20text/html\r\nContent-Length:\x20155\r\nConnection:\x20close\r\nServer:\x20cloudflare\r\nCF-RAY:\x2058f55aa17a9ee196-IST\r\ncf-request-id:\x20028d36f8eb0000e1968e8a6200000001\r\n\r\n&lt;html&gt;\r\n&lt;head&gt;&lt;title&gt;400\x20Bad\x20Request&lt;/title&gt;&lt;/head&gt;\r\n&lt;body&gt;\r\n&lt;center&gt;&lt;h1&gt;400\x20Bad\x20Request&lt;/h1&gt;&lt;/center&gt;\r\n&lt;hr&gt;&lt;center&gt;cloudflare&lt;/center&gt;\r\n&lt;/body&gt;\r\n&lt;/html&gt;\r\n&quot;)%r(RTSPRequest,9B,&quot;&lt;html&gt;\r\n&lt;head&gt;&lt;title&gt;400\x20Bad\x20Request&lt;/title&gt;&lt;/head&gt;\r\n&lt;body&gt;\r\n&lt;center&gt;&lt;h1&gt;400\x20Bad\x20Request&lt;/h1&gt;&lt;/center&gt;\r\n&lt;hr&gt;&lt;center&gt;cloudflare&lt;/center&gt;\r\n&lt;/body&gt;\r\n&lt;/html&gt;\r\n&quot;)%r(X11Probe,13C,&quot;HTTP/1\.1\x20400\x20Bad\x20Request\r\nServer:\x20cloudflare\r\nDate:\x20Wed,\x2006\x20May\x202020\x2020:12:04\x20GMT\r\nContent-Type:\x20text/html\r\nContent-Length:\x20155\r\nConnection:\x20close\r\nCF-RAY:\x20-\r\n\r\n&lt;html&gt;\r\n&lt;head&gt;&lt;title&gt;400\x20Bad\x20Request&lt;/title&gt;&lt;/head&gt;\r\n&lt;body&gt;\r\n&lt;center&gt;&lt;h1&gt;400\x20Bad\x20Request&lt;/h1&gt;&lt;/center&gt;\r\n&lt;hr&gt;&lt;center&gt;cloudflare&lt;/center&gt;\r\n&lt;/body&gt;\r\n&lt;/html&gt;\r\n&quot;)%r(FourOhFourRequest,180,&quot;HTTP/1\.1\x20400\x20Bad\x20Request\r\nDate:\x20Wed,\x2006\x20May\x202020\x2020:12:04\x20GMT\r\nContent-Type:\x20text/html\r\nContent-Length:\x20155\r\nConnection:\x20close\r\nServer:\x20cloudflare\r\nCF-RAY:\x2058f55aa24f7dda16-IST\r\ncf-request-id:\x20028d36f9690000da166ca28200000001\r\n\r\n&lt;html&gt;\r\n&lt;head&gt;&lt;title&gt;400\x20Bad\x20Request&lt;/title&gt;&lt;/head&gt;\r\n&lt;body&gt;\r\n&lt;center&gt;&lt;h1&gt;400\x20Bad\x20Request&lt;/h1&gt;&lt;/center&gt;\r\n&lt;hr&gt;&lt;center&gt;cloudflare&lt;/center&gt;\r\n&lt;/body&gt;\r\n&lt;/html&gt;\r\n&quot;);" method="probed" conf="10"/><script id="fingerprint-strings" output="&#xa;  FourOhFourRequest: &#xa;    HTTP/1.1 400 Bad Request&#xa;    Date: Wed, 06 May 2020 20:12:04 GMT&#xa;    Content-Type: text/html&#xa;    Content-Length: 155&#xa;    Connection: close&#xa;    Server: cloudflare&#xa;    CF-RAY: 58f55aa24f7dda16-IST&#xa;    cf-request-id: 028d36f9690000da166ca28200000001&#xa;    &lt;html&gt;&#xa;    &lt;head&gt;&lt;title&gt;400 Bad Request&lt;/title&gt;&lt;/head&gt;&#xa;    &lt;body&gt;&#xa;    &lt;center&gt;&lt;h1&gt;400 Bad Request&lt;/h1&gt;&lt;/center&gt;&#xa;    &lt;hr&gt;&lt;center&gt;cloudflare&lt;/center&gt;&#xa;    &lt;/body&gt;&#xa;    &lt;/html&gt;&#xa;  GetRequest: &#xa;    HTTP/1.1 400 Bad Request&#xa;    Date: Wed, 06 May 2020 20:12:04 GMT&#xa;    Content-Type: text/html&#xa;    Content-Length: 155&#xa;    Connection: close&#xa;    Server: cloudflare&#xa;    CF-RAY: 58f55aa11a0be176-IST&#xa;    cf-request-id: 028d36f8b10000e176de982200000001&#xa;    &lt;html&gt;&#xa;    &lt;head&gt;&lt;title&gt;400 Bad Request&lt;/title&gt;&lt;/head&gt;&#xa;    &lt;body&gt;&#xa;    &lt;center&gt;&lt;h1&gt;400 Bad Request&lt;/h1&gt;&lt;/center&gt;&#xa;    &lt;hr&gt;&lt;center&gt;cloudflare&lt;/center&gt;&#xa;    &lt;/body&gt;&#xa;    &lt;/html&gt;&#xa;  HTTPOptions: &#xa;    HTTP/1.1 400 Bad Request&#xa;    Date: Wed, 06 May 2020 20:12:04 GMT&#xa;    Content-Type: text/html&#xa;    Content-Length: 155&#xa;    Connection: close&#xa;    Server: cloudflare&#xa;    CF-RAY: 58f55aa17a9ee196-IST&#xa;    cf-request-id: 028d36f8eb0000e1968e8a6200000001&#xa;    &lt;html&gt;&#xa;    &lt;head&gt;&lt;title&gt;400 Bad Request&lt;/title&gt;&lt;/head&gt;&#xa;    &lt;body&gt;&#xa;    &lt;center&gt;&lt;h1&gt;400 Bad Request&lt;/h1&gt;&lt;/center&gt;&#xa;    &lt;hr&gt;&lt;center&gt;cloudflare&lt;/center&gt;&#xa;    &lt;/body&gt;&#xa;    &lt;/html&gt;&#xa;  RTSPRequest: &#xa;    &lt;html&gt;&#xa;    &lt;head&gt;&lt;title&gt;400 Bad Request&lt;/title&gt;&lt;/head&gt;&#xa;    &lt;body&gt;&#xa;    &lt;center&gt;&lt;h1&gt;400 Bad Request&lt;/h1&gt;&lt;/center&gt;&#xa;    &lt;hr&gt;&lt;center&gt;cloudflare&lt;/center&gt;&#xa;    &lt;/body&gt;&#xa;    &lt;/html&gt;&#xa;  X11Probe: &#xa;    HTTP/1.1 400 Bad Request&#xa;    Server: cloudflare&#xa;    Date: Wed, 06 May 2020 20:12:04 GMT&#xa;    Content-Type: text/html&#xa;    Content-Length: 155&#xa;    Connection: close&#xa;    CF-RAY: -&#xa;    &lt;html&gt;&#xa;    &lt;head&gt;&lt;title&gt;400 Bad Request&lt;/title&gt;&lt;/head&gt;&#xa;    &lt;body&gt;&#xa;    &lt;center&gt;&lt;h1&gt;400 Bad Request&lt;/h1&gt;&lt;/center&gt;&#xa;    &lt;hr&gt;&lt;center&gt;cloudflare&lt;/center&gt;&#xa;    &lt;/body&gt;&#xa;    &lt;/html&gt;"><elem key="FourOhFourRequest">&#xa;    HTTP/1.1 400 Bad Request&#xa;    Date: Wed, 06 May 2020 20:12:04 GMT&#xa;    Content-Type: text/html&#xa;    Content-Length: 155&#xa;    Connection: close&#xa;    Server: cloudflare&#xa;    CF-RAY: 58f55aa24f7dda16-IST&#xa;    cf-request-id: 028d36f9690000da166ca28200000001&#xa;    &lt;html&gt;&#xa;    &lt;head&gt;&lt;title&gt;400 Bad Request&lt;/title&gt;&lt;/head&gt;&#xa;    &lt;body&gt;&#xa;    &lt;center&gt;&lt;h1&gt;400 Bad Request&lt;/h1&gt;&lt;/center&gt;&#xa;    &lt;hr&gt;&lt;center&gt;cloudflare&lt;/center&gt;&#xa;    &lt;/body&gt;&#xa;    &lt;/html&gt;</elem>
<elem key="GetRequest">&#xa;    HTTP/1.1 400 Bad Request&#xa;    Date: Wed, 06 May 2020 20:12:04 GMT&#xa;    Content-Type: text/html&#xa;    Content-Length: 155&#xa;    Connection: close&#xa;    Server: cloudflare&#xa;    CF-RAY: 58f55aa11a0be176-IST&#xa;    cf-request-id: 028d36f8b10000e176de982200000001&#xa;    &lt;html&gt;&#xa;    &lt;head&gt;&lt;title&gt;400 Bad Request&lt;/title&gt;&lt;/head&gt;&#xa;    &lt;body&gt;&#xa;    &lt;center&gt;&lt;h1&gt;400 Bad Request&lt;/h1&gt;&lt;/center&gt;&#xa;    &lt;hr&gt;&lt;center&gt;cloudflare&lt;/center&gt;&#xa;    &lt;/body&gt;&#xa;    &lt;/html&gt;</elem>
<elem key="HTTPOptions">&#xa;    HTTP/1.1 400 Bad Request&#xa;    Date: Wed, 06 May 2020 20:12:04 GMT&#xa;    Content-Type: text/html&#xa;    Content-Length: 155&#xa;    Connection: close&#xa;    Server: cloudflare&#xa;    CF-RAY: 58f55aa17a9ee196-IST&#xa;    cf-request-id: 028d36f8eb0000e1968e8a6200000001&#xa;    &lt;html&gt;&#xa;    &lt;head&gt;&lt;title&gt;400 Bad Request&lt;/title&gt;&lt;/head&gt;&#xa;    &lt;body&gt;&#xa;    &lt;center&gt;&lt;h1&gt;400 Bad Request&lt;/h1&gt;&lt;/center&gt;&#xa;    &lt;hr&gt;&lt;center&gt;cloudflare&lt;/center&gt;&#xa;    &lt;/body&gt;&#xa;    &lt;/html&gt;</elem>
<elem key="RTSPRequest">&#xa;    &lt;html&gt;&#xa;    &lt;head&gt;&lt;title&gt;400 Bad Request&lt;/title&gt;&lt;/head&gt;&#xa;    &lt;body&gt;&#xa;    &lt;center&gt;&lt;h1&gt;400 Bad Request&lt;/h1&gt;&lt;/center&gt;&#xa;    &lt;hr&gt;&lt;center&gt;cloudflare&lt;/center&gt;&#xa;    &lt;/body&gt;&#xa;    &lt;/html&gt;</elem>
<elem key="X11Probe">&#xa;    HTTP/1.1 400 Bad Request&#xa;    Server: cloudflare&#xa;    Date: Wed, 06 May 2020 20:12:04 GMT&#xa;    Content-Type: text/html&#xa;    Content-Length: 155&#xa;    Connection: close&#xa;    CF-RAY: -&#xa;    &lt;html&gt;&#xa;    &lt;head&gt;&lt;title&gt;400 Bad Request&lt;/title&gt;&lt;/head&gt;&#xa;    &lt;body&gt;&#xa;    &lt;center&gt;&lt;h1&gt;400 Bad Request&lt;/h1&gt;&lt;/center&gt;&#xa;    &lt;hr&gt;&lt;center&gt;cloudflare&lt;/center&gt;&#xa;    &lt;/body&gt;&#xa;    &lt;/html&gt;</elem>
</script><script id="http-server-header" output="cloudflare"><elem>cloudflare</elem>
</script><script id="http-xssed" output="&#xa;  &#xa;    UNFIXED XSS vuln.&#xa;&#xa;    &#x9;http://dogusyemek.com/sonuc.asp?searWords=%22%3E%3Cscript%3Ealert(%22JoCk3r%22)%3C/script%3E&#xa;&#xa;    &#x9;http://istanbul.adreseyemek.com/yemekAra.asp&#xa;&#xa;  &#xa;"><table>
<elem>UNFIXED XSS vuln.&#xa;</elem>
<elem>&#x9;http://dogusyemek.com/sonuc.asp?searWords=%22%3E%3Cscript%3Ealert(%22JoCk3r%22)%3C/script%3E&#xa;</elem>
<elem>&#x9;http://istanbul.adreseyemek.com/yemekAra.asp&#xa;</elem>
</table>
<table>
</table>
</script></port>
</ports>
<times srtt="10000" rttvar="7500" to="100000"/>
</host>
<runstats><finished time="1588795955" timestr="Wed May 06 23:12:35 2020" elapsed="47.05" summary="Nmap done at Wed May 06 23:12:35 2020; 2 IP addresses (2 hosts up) scanned in 47.05 seconds" exit="success"/><hosts up="2" down="0" total="2"/>
</runstats>
</nmaprun>
